{
  "dependencies": {
    "zone.js": "github:gdi2290/typed-zone.js#66ea8a3451542bb7798369306840e46be1d6ec89"
  },
  "devDependencies": {},
  "ambientDependencies": {
    "angular-protractor": "github:DefinitelyTyped/DefinitelyTyped/angular-protractor/angular-protractor.d.ts#64b25f63f0ec821040a5d3e049a976865062ed9d",
    "core-js": "registry:dt/core-js#0.0.0+20160317120654",
    "hammerjs": "github:DefinitelyTyped/DefinitelyTyped/hammerjs/hammerjs.d.ts#74a4dfc1bc2dfadec47b8aae953b28546cb9c6b7",
    "jasmine": "github:DefinitelyTyped/DefinitelyTyped/jasmine/jasmine.d.ts#4b36b94d5910aa8a4d20bdcd5bd1f9ae6ad18d3c",
    "node": "github:DefinitelyTyped/DefinitelyTyped/node/node.d.ts#8cf8164641be73e8f1e652c2a5b967c7210b6729",
    "selenium-webdriver": "github:DefinitelyTyped/DefinitelyTyped/selenium-webdriver/selenium-webdriver.d.ts#a83677ed13add14c2ab06c7325d182d0ba2784ea",
    "webpack": "github:DefinitelyTyped/DefinitelyTyped/webpack/webpack.d.ts#95c02169ba8fa58ac1092422efbd2e3174a206f4"
  }
}